,duration,connection,time
0,10.04417,1.0,2022-02-01 14:50:30.559851
